FAQID,Question,Answer,Chat Scripts,Email Scripts,Voice Scripts,Gurucool Link,PCIR,Freshdesk Properties,TAT
2002670,Laptop,do you mean 2002670: Description: GL Account details for Laptop. Refer SAP master data for valuation class and account determination.: Here is the code: 20-70,do you mean 2002670: Description: do you mean 2002670: Description: GL Account details for Laptop. Refer SAP master data for valuation class and account determination.: Here is the code: 20-70,,,,,,
2002671,AMC,do you mean 2002671: Description: GL Account details for AMC. Refer SAP master data for valuation class and account determination.: Here is the code: 20-71,do you mean 2002671: Description: do you mean 2002671: Description: GL Account details for AMC. Refer SAP master data for valuation class and account determination.: Here is the code: 20-71,,,,,,
2002672,Pen,do you mean 2002672: Description: GL Account details for Pen. Refer SAP master data for valuation class and account determination.: Here is the code: 20-72,do you mean 2002672: Description: do you mean 2002672: Description: GL Account details for Pen. Refer SAP master data for valuation class and account determination.: Here is the code: 20-72,,,,,,
2002673,Pencil,do you mean 2002673: Description: GL Account details for Pencil. Refer SAP master data for valuation class and account determination.: Here is the code: 20-73,do you mean 2002673: Description: do you mean 2002673: Description: GL Account details for Pencil. Refer SAP master data for valuation class and account determination.: Here is the code: 20-73,,,,,,
2002674,Headset,do you mean 2002674: Description: GL Account details for Headset. Refer SAP master data for valuation class and account determination.: Here is the code: 20-74,do you mean 2002674: Description: do you mean 2002674: Description: GL Account details for Headset. Refer SAP master data for valuation class and account determination.: Here is the code: 20-74,,,,,,
2002675,Adapter,do you mean 2002675: Description: GL Account details for Adapter. Refer SAP master data for valuation class and account determination.: Here is the code: 20-75,do you mean 2002675: Description: do you mean 2002675: Description: GL Account details for Adapter. Refer SAP master data for valuation class and account determination.: Here is the code: 20-75,,,,,,
2002676,Cable,do you mean 2002676: Description: GL Account details for Cable. Refer SAP master data for valuation class and account determination.: Here is the code: 20-76,do you mean 2002676: Description: do you mean 2002676: Description: GL Account details for Cable. Refer SAP master data for valuation class and account determination.: Here is the code: 20-76,,,,,,
2002677,Server,do you mean 2002677: Description: GL Account details for Server. Refer SAP master data for valuation class and account determination.: Here is the code: 20-77,do you mean 2002677: Description: do you mean 2002677: Description: GL Account details for Server. Refer SAP master data for valuation class and account determination.: Here is the code: 20-77,,,,,,
2002678,Notebook,do you mean 2002678: Description: GL Account details for Notebook. Refer SAP master data for valuation class and account determination.: Here is the code: 20-78,do you mean 2002678: Description: do you mean 2002678: Description: GL Account details for Notebook. Refer SAP master data for valuation class and account determination.: Here is the code: 20-78,,,,,,
2002679,Router,do you mean 2002679: Description: GL Account details for Router. Refer SAP master data for valuation class and account determination.: Here is the code: 20-79,do you mean 2002679: Description: do you mean 2002679: Description: GL Account details for Router. Refer SAP master data for valuation class and account determination.: Here is the code: 20-79,,,,,,
2002680,Mouse,do you mean 2002680: Description: GL Account details for Mouse. Refer SAP master data for valuation class and account determination.: Here is the code: 20-80,do you mean 2002680: Description: do you mean 2002680: Description: GL Account details for Mouse. Refer SAP master data for valuation class and account determination.: Here is the code: 20-80,,,,,,
2002681,Adapter,do you mean 2002681: Description: GL Account details for Adapter. Refer SAP master data for valuation class and account determination.: Here is the code: 20-81,do you mean 2002681: Description: do you mean 2002681: Description: GL Account details for Adapter. Refer SAP master data for valuation class and account determination.: Here is the code: 20-81,,,,,,
2002682,Cable,do you mean 2002682: Description: GL Account details for Cable. Refer SAP master data for valuation class and account determination.: Here is the code: 20-82,do you mean 2002682: Description: do you mean 2002682: Description: GL Account details for Cable. Refer SAP master data for valuation class and account determination.: Here is the code: 20-82,,,,,,
2002683,Headset,do you mean 2002683: Description: GL Account details for Headset. Refer SAP master data for valuation class and account determination.: Here is the code: 20-83,do you mean 2002683: Description: do you mean 2002683: Description: GL Account details for Headset. Refer SAP master data for valuation class and account determination.: Here is the code: 20-83,,,,,,
2002684,USB Drive,do you mean 2002684: Description: GL Account details for USB Drive. Refer SAP master data for valuation class and account determination.: Here is the code: 20-84,do you mean 2002684: Description: do you mean 2002684: Description: GL Account details for USB Drive. Refer SAP master data for valuation class and account determination.: Here is the code: 20-84,,,,,,
2002685,Headset,do you mean 2002685: Description: GL Account details for Headset. Refer SAP master data for valuation class and account determination.: Here is the code: 20-85,do you mean 2002685: Description: do you mean 2002685: Description: GL Account details for Headset. Refer SAP master data for valuation class and account determination.: Here is the code: 20-85,,,,,,
2002686,Printer,do you mean 2002686: Description: GL Account details for Printer. Refer SAP master data for valuation class and account determination.: Here is the code: 20-86,do you mean 2002686: Description: do you mean 2002686: Description: GL Account details for Printer. Refer SAP master data for valuation class and account determination.: Here is the code: 20-86,,,,,,
2002687,USB Drive,do you mean 2002687: Description: GL Account details for USB Drive. Refer SAP master data for valuation class and account determination.: Here is the code: 20-87,do you mean 2002687: Description: do you mean 2002687: Description: GL Account details for USB Drive. Refer SAP master data for valuation class and account determination.: Here is the code: 20-87,,,,,,
2002688,Marker,do you mean 2002688: Description: GL Account details for Marker. Refer SAP master data for valuation class and account determination.: Here is the code: 20-88,do you mean 2002688: Description: do you mean 2002688: Description: GL Account details for Marker. Refer SAP master data for valuation class and account determination.: Here is the code: 20-88,,,,,,
2002689,Scanner,do you mean 2002689: Description: GL Account details for Scanner. Refer SAP master data for valuation class and account determination.: Here is the code: 20-89,do you mean 2002689: Description: do you mean 2002689: Description: GL Account details for Scanner. Refer SAP master data for valuation class and account determination.: Here is the code: 20-89,,,,,,
2002690,Cable,do you mean 2002690: Description: GL Account details for Cable. Refer SAP master data for valuation class and account determination.: Here is the code: 20-90,do you mean 2002690: Description: do you mean 2002690: Description: GL Account details for Cable. Refer SAP master data for valuation class and account determination.: Here is the code: 20-90,,,,,,
2002691,Router,do you mean 2002691: Description: GL Account details for Router. Refer SAP master data for valuation class and account determination.: Here is the code: 20-91,do you mean 2002691: Description: do you mean 2002691: Description: GL Account details for Router. Refer SAP master data for valuation class and account determination.: Here is the code: 20-91,,,,,,
2002692,USB Drive,do you mean 2002692: Description: GL Account details for USB Drive. Refer SAP master data for valuation class and account determination.: Here is the code: 20-92,do you mean 2002692: Description: do you mean 2002692: Description: GL Account details for USB Drive. Refer SAP master data for valuation class and account determination.: Here is the code: 20-92,,,,,,
2002693,Desk,do you mean 2002693: Description: GL Account details for Desk. Refer SAP master data for valuation class and account determination.: Here is the code: 20-93,do you mean 2002693: Description: do you mean 2002693: Description: GL Account details for Desk. Refer SAP master data for valuation class and account determination.: Here is the code: 20-93,,,,,,
2002694,Notebook,do you mean 2002694: Description: GL Account details for Notebook. Refer SAP master data for valuation class and account determination.: Here is the code: 20-94,do you mean 2002694: Description: do you mean 2002694: Description: GL Account details for Notebook. Refer SAP master data for valuation class and account determination.: Here is the code: 20-94,,,,,,
2002695,Scanner,do you mean 2002695: Description: GL Account details for Scanner. Refer SAP master data for valuation class and account determination.: Here is the code: 20-95,do you mean 2002695: Description: do you mean 2002695: Description: GL Account details for Scanner. Refer SAP master data for valuation class and account determination.: Here is the code: 20-95,,,,,,
2002696,Chair,do you mean 2002696: Description: GL Account details for Chair. Refer SAP master data for valuation class and account determination.: Here is the code: 20-96,do you mean 2002696: Description: do you mean 2002696: Description: GL Account details for Chair. Refer SAP master data for valuation class and account determination.: Here is the code: 20-96,,,,,,
2002697,Scanner,do you mean 2002697: Description: GL Account details for Scanner. Refer SAP master data for valuation class and account determination.: Here is the code: 20-97,do you mean 2002697: Description: do you mean 2002697: Description: GL Account details for Scanner. Refer SAP master data for valuation class and account determination.: Here is the code: 20-97,,,,,,
2002698,Notebook,do you mean 2002698: Description: GL Account details for Notebook. Refer SAP master data for valuation class and account determination.: Here is the code: 20-98,do you mean 2002698: Description: do you mean 2002698: Description: GL Account details for Notebook. Refer SAP master data for valuation class and account determination.: Here is the code: 20-98,,,,,,
2002699,USB Drive,do you mean 2002699: Description: GL Account details for USB Drive. Refer SAP master data for valuation class and account determination.: Here is the code: 20-99,do you mean 2002699: Description: do you mean 2002699: Description: GL Account details for USB Drive. Refer SAP master data for valuation class and account determination.: Here is the code: 20-99,,,,,,
2002700,Server,do you mean 2002700: Description: GL Account details for Server. Refer SAP master data for valuation class and account determination.: Here is the code: 20-00,do you mean 2002700: Description: do you mean 2002700: Description: GL Account details for Server. Refer SAP master data for valuation class and account determination.: Here is the code: 20-00,,,,,,
2002701,Desk,do you mean 2002701: Description: GL Account details for Desk. Refer SAP master data for valuation class and account determination.: Here is the code: 20-01,do you mean 2002701: Description: do you mean 2002701: Description: GL Account details for Desk. Refer SAP master data for valuation class and account determination.: Here is the code: 20-01,,,,,,
2002702,Adapter,do you mean 2002702: Description: GL Account details for Adapter. Refer SAP master data for valuation class and account determination.: Here is the code: 20-02,do you mean 2002702: Description: do you mean 2002702: Description: GL Account details for Adapter. Refer SAP master data for valuation class and account determination.: Here is the code: 20-02,,,,,,
2002703,Chair,do you mean 2002703: Description: GL Account details for Chair. Refer SAP master data for valuation class and account determination.: Here is the code: 20-03,do you mean 2002703: Description: do you mean 2002703: Description: GL Account details for Chair. Refer SAP master data for valuation class and account determination.: Here is the code: 20-03,,,,,,
2002704,Scanner,do you mean 2002704: Description: GL Account details for Scanner. Refer SAP master data for valuation class and account determination.: Here is the code: 20-04,do you mean 2002704: Description: do you mean 2002704: Description: GL Account details for Scanner. Refer SAP master data for valuation class and account determination.: Here is the code: 20-04,,,,,,
2002705,Server,do you mean 2002705: Description: GL Account details for Server. Refer SAP master data for valuation class and account determination.: Here is the code: 20-05,do you mean 2002705: Description: do you mean 2002705: Description: GL Account details for Server. Refer SAP master data for valuation class and account determination.: Here is the code: 20-05,,,,,,
2002706,Router,do you mean 2002706: Description: GL Account details for Router. Refer SAP master data for valuation class and account determination.: Here is the code: 20-06,do you mean 2002706: Description: do you mean 2002706: Description: GL Account details for Router. Refer SAP master data for valuation class and account determination.: Here is the code: 20-06,,,,,,
2002707,Notebook,do you mean 2002707: Description: GL Account details for Notebook. Refer SAP master data for valuation class and account determination.: Here is the code: 20-07,do you mean 2002707: Description: do you mean 2002707: Description: GL Account details for Notebook. Refer SAP master data for valuation class and account determination.: Here is the code: 20-07,,,,,,
2002708,Server,do you mean 2002708: Description: GL Account details for Server. Refer SAP master data for valuation class and account determination.: Here is the code: 20-08,do you mean 2002708: Description: do you mean 2002708: Description: GL Account details for Server. Refer SAP master data for valuation class and account determination.: Here is the code: 20-08,,,,,,
2002709,Mouse,do you mean 2002709: Description: GL Account details for Mouse. Refer SAP master data for valuation class and account determination.: Here is the code: 20-09,do you mean 2002709: Description: do you mean 2002709: Description: GL Account details for Mouse. Refer SAP master data for valuation class and account determination.: Here is the code: 20-09,,,,,,
2002710,Keyboard,do you mean 2002710: Description: GL Account details for Keyboard. Refer SAP master data for valuation class and account determination.: Here is the code: 20-10,do you mean 2002710: Description: do you mean 2002710: Description: GL Account details for Keyboard. Refer SAP master data for valuation class and account determination.: Here is the code: 20-10,,,,,,
2002711,Mouse,do you mean 2002711: Description: GL Account details for Mouse. Refer SAP master data for valuation class and account determination.: Here is the code: 20-11,do you mean 2002711: Description: do you mean 2002711: Description: GL Account details for Mouse. Refer SAP master data for valuation class and account determination.: Here is the code: 20-11,,,,,,
2002712,Notebook,do you mean 2002712: Description: GL Account details for Notebook. Refer SAP master data for valuation class and account determination.: Here is the code: 20-12,do you mean 2002712: Description: do you mean 2002712: Description: GL Account details for Notebook. Refer SAP master data for valuation class and account determination.: Here is the code: 20-12,,,,,,
2002713,Headset,do you mean 2002713: Description: GL Account details for Headset. Refer SAP master data for valuation class and account determination.: Here is the code: 20-13,do you mean 2002713: Description: do you mean 2002713: Description: GL Account details for Headset. Refer SAP master data for valuation class and account determination.: Here is the code: 20-13,,,,,,
2002714,Notebook,do you mean 2002714: Description: GL Account details for Notebook. Refer SAP master data for valuation class and account determination.: Here is the code: 20-14,do you mean 2002714: Description: do you mean 2002714: Description: GL Account details for Notebook. Refer SAP master data for valuation class and account determination.: Here is the code: 20-14,,,,,,
2002715,Mouse,do you mean 2002715: Description: GL Account details for Mouse. Refer SAP master data for valuation class and account determination.: Here is the code: 20-15,do you mean 2002715: Description: do you mean 2002715: Description: GL Account details for Mouse. Refer SAP master data for valuation class and account determination.: Here is the code: 20-15,,,,,,
2002716,Mouse,do you mean 2002716: Description: GL Account details for Mouse. Refer SAP master data for valuation class and account determination.: Here is the code: 20-16,do you mean 2002716: Description: do you mean 2002716: Description: GL Account details for Mouse. Refer SAP master data for valuation class and account determination.: Here is the code: 20-16,,,,,,
2002717,Monitor,do you mean 2002717: Description: GL Account details for Monitor. Refer SAP master data for valuation class and account determination.: Here is the code: 20-17,do you mean 2002717: Description: do you mean 2002717: Description: GL Account details for Monitor. Refer SAP master data for valuation class and account determination.: Here is the code: 20-17,,,,,,
2002718,Scanner,do you mean 2002718: Description: GL Account details for Scanner. Refer SAP master data for valuation class and account determination.: Here is the code: 20-18,do you mean 2002718: Description: do you mean 2002718: Description: GL Account details for Scanner. Refer SAP master data for valuation class and account determination.: Here is the code: 20-18,,,,,,
2002719,Headset,do you mean 2002719: Description: GL Account details for Headset. Refer SAP master data for valuation class and account determination.: Here is the code: 20-19,do you mean 2002719: Description: do you mean 2002719: Description: GL Account details for Headset. Refer SAP master data for valuation class and account determination.: Here is the code: 20-19,,,,,,
2002720,Keyboard,do you mean 2002720: Description: GL Account details for Keyboard. Refer SAP master data for valuation class and account determination.: Here is the code: 20-20,do you mean 2002720: Description: do you mean 2002720: Description: GL Account details for Keyboard. Refer SAP master data for valuation class and account determination.: Here is the code: 20-20,,,,,,
2002721,Server,do you mean 2002721: Description: GL Account details for Server. Refer SAP master data for valuation class and account determination.: Here is the code: 20-21,do you mean 2002721: Description: do you mean 2002721: Description: GL Account details for Server. Refer SAP master data for valuation class and account determination.: Here is the code: 20-21,,,,,,
2002722,Chair,do you mean 2002722: Description: GL Account details for Chair. Refer SAP master data for valuation class and account determination.: Here is the code: 20-22,do you mean 2002722: Description: do you mean 2002722: Description: GL Account details for Chair. Refer SAP master data for valuation class and account determination.: Here is the code: 20-22,,,,,,
2002723,Mouse,do you mean 2002723: Description: GL Account details for Mouse. Refer SAP master data for valuation class and account determination.: Here is the code: 20-23,do you mean 2002723: Description: do you mean 2002723: Description: GL Account details for Mouse. Refer SAP master data for valuation class and account determination.: Here is the code: 20-23,,,,,,
2002724,USB Drive,do you mean 2002724: Description: GL Account details for USB Drive. Refer SAP master data for valuation class and account determination.: Here is the code: 20-24,do you mean 2002724: Description: do you mean 2002724: Description: GL Account details for USB Drive. Refer SAP master data for valuation class and account determination.: Here is the code: 20-24,,,,,,
2002725,Headset,do you mean 2002725: Description: GL Account details for Headset. Refer SAP master data for valuation class and account determination.: Here is the code: 20-25,do you mean 2002725: Description: do you mean 2002725: Description: GL Account details for Headset. Refer SAP master data for valuation class and account determination.: Here is the code: 20-25,,,,,,
2002726,Mouse,do you mean 2002726: Description: GL Account details for Mouse. Refer SAP master data for valuation class and account determination.: Here is the code: 20-26,do you mean 2002726: Description: do you mean 2002726: Description: GL Account details for Mouse. Refer SAP master data for valuation class and account determination.: Here is the code: 20-26,,,,,,
2002727,Monitor,do you mean 2002727: Description: GL Account details for Monitor. Refer SAP master data for valuation class and account determination.: Here is the code: 20-27,do you mean 2002727: Description: do you mean 2002727: Description: GL Account details for Monitor. Refer SAP master data for valuation class and account determination.: Here is the code: 20-27,,,,,,
2002728,Adapter,do you mean 2002728: Description: GL Account details for Adapter. Refer SAP master data for valuation class and account determination.: Here is the code: 20-28,do you mean 2002728: Description: do you mean 2002728: Description: GL Account details for Adapter. Refer SAP master data for valuation class and account determination.: Here is the code: 20-28,,,,,,
2002729,Mouse,do you mean 2002729: Description: GL Account details for Mouse. Refer SAP master data for valuation class and account determination.: Here is the code: 20-29,do you mean 2002729: Description: do you mean 2002729: Description: GL Account details for Mouse. Refer SAP master data for valuation class and account determination.: Here is the code: 20-29,,,,,,
2002730,Cable,do you mean 2002730: Description: GL Account details for Cable. Refer SAP master data for valuation class and account determination.: Here is the code: 20-30,do you mean 2002730: Description: do you mean 2002730: Description: GL Account details for Cable. Refer SAP master data for valuation class and account determination.: Here is the code: 20-30,,,,,,
2002731,Cable,do you mean 2002731: Description: GL Account details for Cable. Refer SAP master data for valuation class and account determination.: Here is the code: 20-31,do you mean 2002731: Description: do you mean 2002731: Description: GL Account details for Cable. Refer SAP master data for valuation class and account determination.: Here is the code: 20-31,,,,,,
2002732,USB Drive,do you mean 2002732: Description: GL Account details for USB Drive. Refer SAP master data for valuation class and account determination.: Here is the code: 20-32,do you mean 2002732: Description: do you mean 2002732: Description: GL Account details for USB Drive. Refer SAP master data for valuation class and account determination.: Here is the code: 20-32,,,,,,
2002733,USB Drive,do you mean 2002733: Description: GL Account details for USB Drive. Refer SAP master data for valuation class and account determination.: Here is the code: 20-33,do you mean 2002733: Description: do you mean 2002733: Description: GL Account details for USB Drive. Refer SAP master data for valuation class and account determination.: Here is the code: 20-33,,,,,,
2002734,Desk,do you mean 2002734: Description: GL Account details for Desk. Refer SAP master data for valuation class and account determination.: Here is the code: 20-34,do you mean 2002734: Description: do you mean 2002734: Description: GL Account details for Desk. Refer SAP master data for valuation class and account determination.: Here is the code: 20-34,,,,,,
2002735,Server,do you mean 2002735: Description: GL Account details for Server. Refer SAP master data for valuation class and account determination.: Here is the code: 20-35,do you mean 2002735: Description: do you mean 2002735: Description: GL Account details for Server. Refer SAP master data for valuation class and account determination.: Here is the code: 20-35,,,,,,
2002736,USB Drive,do you mean 2002736: Description: GL Account details for USB Drive. Refer SAP master data for valuation class and account determination.: Here is the code: 20-36,do you mean 2002736: Description: do you mean 2002736: Description: GL Account details for USB Drive. Refer SAP master data for valuation class and account determination.: Here is the code: 20-36,,,,,,
2002737,Headset,do you mean 2002737: Description: GL Account details for Headset. Refer SAP master data for valuation class and account determination.: Here is the code: 20-37,do you mean 2002737: Description: do you mean 2002737: Description: GL Account details for Headset. Refer SAP master data for valuation class and account determination.: Here is the code: 20-37,,,,,,
2002738,Scanner,do you mean 2002738: Description: GL Account details for Scanner. Refer SAP master data for valuation class and account determination.: Here is the code: 20-38,do you mean 2002738: Description: do you mean 2002738: Description: GL Account details for Scanner. Refer SAP master data for valuation class and account determination.: Here is the code: 20-38,,,,,,
2002739,Server,do you mean 2002739: Description: GL Account details for Server. Refer SAP master data for valuation class and account determination.: Here is the code: 20-39,do you mean 2002739: Description: do you mean 2002739: Description: GL Account details for Server. Refer SAP master data for valuation class and account determination.: Here is the code: 20-39,,,,,,
2002740,Headset,do you mean 2002740: Description: GL Account details for Headset. Refer SAP master data for valuation class and account determination.: Here is the code: 20-40,do you mean 2002740: Description: do you mean 2002740: Description: GL Account details for Headset. Refer SAP master data for valuation class and account determination.: Here is the code: 20-40,,,,,,
2002741,Desk,do you mean 2002741: Description: GL Account details for Desk. Refer SAP master data for valuation class and account determination.: Here is the code: 20-41,do you mean 2002741: Description: do you mean 2002741: Description: GL Account details for Desk. Refer SAP master data for valuation class and account determination.: Here is the code: 20-41,,,,,,
2002742,Scanner,do you mean 2002742: Description: GL Account details for Scanner. Refer SAP master data for valuation class and account determination.: Here is the code: 20-42,do you mean 2002742: Description: do you mean 2002742: Description: GL Account details for Scanner. Refer SAP master data for valuation class and account determination.: Here is the code: 20-42,,,,,,
2002743,Chair,do you mean 2002743: Description: GL Account details for Chair. Refer SAP master data for valuation class and account determination.: Here is the code: 20-43,do you mean 2002743: Description: do you mean 2002743: Description: GL Account details for Chair. Refer SAP master data for valuation class and account determination.: Here is the code: 20-43,,,,,,
2002744,Desk,do you mean 2002744: Description: GL Account details for Desk. Refer SAP master data for valuation class and account determination.: Here is the code: 20-44,do you mean 2002744: Description: do you mean 2002744: Description: GL Account details for Desk. Refer SAP master data for valuation class and account determination.: Here is the code: 20-44,,,,,,
2002745,Notebook,do you mean 2002745: Description: GL Account details for Notebook. Refer SAP master data for valuation class and account determination.: Here is the code: 20-45,do you mean 2002745: Description: do you mean 2002745: Description: GL Account details for Notebook. Refer SAP master data for valuation class and account determination.: Here is the code: 20-45,,,,,,
2002746,Scanner,do you mean 2002746: Description: GL Account details for Scanner. Refer SAP master data for valuation class and account determination.: Here is the code: 20-46,do you mean 2002746: Description: do you mean 2002746: Description: GL Account details for Scanner. Refer SAP master data for valuation class and account determination.: Here is the code: 20-46,,,,,,
2002747,Server,do you mean 2002747: Description: GL Account details for Server. Refer SAP master data for valuation class and account determination.: Here is the code: 20-47,do you mean 2002747: Description: do you mean 2002747: Description: GL Account details for Server. Refer SAP master data for valuation class and account determination.: Here is the code: 20-47,,,,,,
2002748,Printer,do you mean 2002748: Description: GL Account details for Printer. Refer SAP master data for valuation class and account determination.: Here is the code: 20-48,do you mean 2002748: Description: do you mean 2002748: Description: GL Account details for Printer. Refer SAP master data for valuation class and account determination.: Here is the code: 20-48,,,,,,
2002749,Keyboard,do you mean 2002749: Description: GL Account details for Keyboard. Refer SAP master data for valuation class and account determination.: Here is the code: 20-49,do you mean 2002749: Description: do you mean 2002749: Description: GL Account details for Keyboard. Refer SAP master data for valuation class and account determination.: Here is the code: 20-49,,,,,,
2002750,Server,do you mean 2002750: Description: GL Account details for Server. Refer SAP master data for valuation class and account determination.: Here is the code: 20-50,do you mean 2002750: Description: do you mean 2002750: Description: GL Account details for Server. Refer SAP master data for valuation class and account determination.: Here is the code: 20-50,,,,,,
2002751,Headset,do you mean 2002751: Description: GL Account details for Headset. Refer SAP master data for valuation class and account determination.: Here is the code: 20-51,do you mean 2002751: Description: do you mean 2002751: Description: GL Account details for Headset. Refer SAP master data for valuation class and account determination.: Here is the code: 20-51,,,,,,
2002752,USB Drive,do you mean 2002752: Description: GL Account details for USB Drive. Refer SAP master data for valuation class and account determination.: Here is the code: 20-52,do you mean 2002752: Description: do you mean 2002752: Description: GL Account details for USB Drive. Refer SAP master data for valuation class and account determination.: Here is the code: 20-52,,,,,,
2002753,Desk,do you mean 2002753: Description: GL Account details for Desk. Refer SAP master data for valuation class and account determination.: Here is the code: 20-53,do you mean 2002753: Description: do you mean 2002753: Description: GL Account details for Desk. Refer SAP master data for valuation class and account determination.: Here is the code: 20-53,,,,,,
2002754,USB Drive,do you mean 2002754: Description: GL Account details for USB Drive. Refer SAP master data for valuation class and account determination.: Here is the code: 20-54,do you mean 2002754: Description: do you mean 2002754: Description: GL Account details for USB Drive. Refer SAP master data for valuation class and account determination.: Here is the code: 20-54,,,,,,
2002755,Notebook,do you mean 2002755: Description: GL Account details for Notebook. Refer SAP master data for valuation class and account determination.: Here is the code: 20-55,do you mean 2002755: Description: do you mean 2002755: Description: GL Account details for Notebook. Refer SAP master data for valuation class and account determination.: Here is the code: 20-55,,,,,,
2002756,Router,do you mean 2002756: Description: GL Account details for Router. Refer SAP master data for valuation class and account determination.: Here is the code: 20-56,do you mean 2002756: Description: do you mean 2002756: Description: GL Account details for Router. Refer SAP master data for valuation class and account determination.: Here is the code: 20-56,,,,,,
2002757,Notebook,do you mean 2002757: Description: GL Account details for Notebook. Refer SAP master data for valuation class and account determination.: Here is the code: 20-57,do you mean 2002757: Description: do you mean 2002757: Description: GL Account details for Notebook. Refer SAP master data for valuation class and account determination.: Here is the code: 20-57,,,,,,
2002758,Router,do you mean 2002758: Description: GL Account details for Router. Refer SAP master data for valuation class and account determination.: Here is the code: 20-58,do you mean 2002758: Description: do you mean 2002758: Description: GL Account details for Router. Refer SAP master data for valuation class and account determination.: Here is the code: 20-58,,,,,,
2002759,Cable,do you mean 2002759: Description: GL Account details for Cable. Refer SAP master data for valuation class and account determination.: Here is the code: 20-59,do you mean 2002759: Description: do you mean 2002759: Description: GL Account details for Cable. Refer SAP master data for valuation class and account determination.: Here is the code: 20-59,,,,,,
2002760,Mouse,do you mean 2002760: Description: GL Account details for Mouse. Refer SAP master data for valuation class and account determination.: Here is the code: 20-60,do you mean 2002760: Description: do you mean 2002760: Description: GL Account details for Mouse. Refer SAP master data for valuation class and account determination.: Here is the code: 20-60,,,,,,
2002761,Mouse,do you mean 2002761: Description: GL Account details for Mouse. Refer SAP master data for valuation class and account determination.: Here is the code: 20-61,do you mean 2002761: Description: do you mean 2002761: Description: GL Account details for Mouse. Refer SAP master data for valuation class and account determination.: Here is the code: 20-61,,,,,,
2002762,Mouse,do you mean 2002762: Description: GL Account details for Mouse. Refer SAP master data for valuation class and account determination.: Here is the code: 20-62,do you mean 2002762: Description: do you mean 2002762: Description: GL Account details for Mouse. Refer SAP master data for valuation class and account determination.: Here is the code: 20-62,,,,,,
2002763,Notebook,do you mean 2002763: Description: GL Account details for Notebook. Refer SAP master data for valuation class and account determination.: Here is the code: 20-63,do you mean 2002763: Description: do you mean 2002763: Description: GL Account details for Notebook. Refer SAP master data for valuation class and account determination.: Here is the code: 20-63,,,,,,
2002764,Monitor,do you mean 2002764: Description: GL Account details for Monitor. Refer SAP master data for valuation class and account determination.: Here is the code: 20-64,do you mean 2002764: Description: do you mean 2002764: Description: GL Account details for Monitor. Refer SAP master data for valuation class and account determination.: Here is the code: 20-64,,,,,,
2002765,Printer,do you mean 2002765: Description: GL Account details for Printer. Refer SAP master data for valuation class and account determination.: Here is the code: 20-65,do you mean 2002765: Description: do you mean 2002765: Description: GL Account details for Printer. Refer SAP master data for valuation class and account determination.: Here is the code: 20-65,,,,,,
2002766,Headset,do you mean 2002766: Description: GL Account details for Headset. Refer SAP master data for valuation class and account determination.: Here is the code: 20-66,do you mean 2002766: Description: do you mean 2002766: Description: GL Account details for Headset. Refer SAP master data for valuation class and account determination.: Here is the code: 20-66,,,,,,
2002767,Mouse,do you mean 2002767: Description: GL Account details for Mouse. Refer SAP master data for valuation class and account determination.: Here is the code: 20-67,do you mean 2002767: Description: do you mean 2002767: Description: GL Account details for Mouse. Refer SAP master data for valuation class and account determination.: Here is the code: 20-67,,,,,,
2002768,Keyboard,do you mean 2002768: Description: GL Account details for Keyboard. Refer SAP master data for valuation class and account determination.: Here is the code: 20-68,do you mean 2002768: Description: do you mean 2002768: Description: GL Account details for Keyboard. Refer SAP master data for valuation class and account determination.: Here is the code: 20-68,,,,,,
2002769,Notebook,do you mean 2002769: Description: GL Account details for Notebook. Refer SAP master data for valuation class and account determination.: Here is the code: 20-69,do you mean 2002769: Description: do you mean 2002769: Description: GL Account details for Notebook. Refer SAP master data for valuation class and account determination.: Here is the code: 20-69,,,,,,
2002770,USB Drive,do you mean 2002770: Description: GL Account details for USB Drive. Refer SAP master data for valuation class and account determination.: Here is the code: 20-70,do you mean 2002770: Description: do you mean 2002770: Description: GL Account details for USB Drive. Refer SAP master data for valuation class and account determination.: Here is the code: 20-70,,,,,,
2002771,Keyboard,do you mean 2002771: Description: GL Account details for Keyboard. Refer SAP master data for valuation class and account determination.: Here is the code: 20-71,do you mean 2002771: Description: do you mean 2002771: Description: GL Account details for Keyboard. Refer SAP master data for valuation class and account determination.: Here is the code: 20-71,,,,,,
2002772,USB Drive,do you mean 2002772: Description: GL Account details for USB Drive. Refer SAP master data for valuation class and account determination.: Here is the code: 20-72,do you mean 2002772: Description: do you mean 2002772: Description: GL Account details for USB Drive. Refer SAP master data for valuation class and account determination.: Here is the code: 20-72,,,,,,
2002773,Keyboard,do you mean 2002773: Description: GL Account details for Keyboard. Refer SAP master data for valuation class and account determination.: Here is the code: 20-73,do you mean 2002773: Description: do you mean 2002773: Description: GL Account details for Keyboard. Refer SAP master data for valuation class and account determination.: Here is the code: 20-73,,,,,,
2002774,Adapter,do you mean 2002774: Description: GL Account details for Adapter. Refer SAP master data for valuation class and account determination.: Here is the code: 20-74,do you mean 2002774: Description: do you mean 2002774: Description: GL Account details for Adapter. Refer SAP master data for valuation class and account determination.: Here is the code: 20-74,,,,,,
2002775,Headset,do you mean 2002775: Description: GL Account details for Headset. Refer SAP master data for valuation class and account determination.: Here is the code: 20-75,do you mean 2002775: Description: do you mean 2002775: Description: GL Account details for Headset. Refer SAP master data for valuation class and account determination.: Here is the code: 20-75,,,,,,
2002776,Notebook,do you mean 2002776: Description: GL Account details for Notebook. Refer SAP master data for valuation class and account determination.: Here is the code: 20-76,do you mean 2002776: Description: do you mean 2002776: Description: GL Account details for Notebook. Refer SAP master data for valuation class and account determination.: Here is the code: 20-76,,,,,,
2002777,Chair,do you mean 2002777: Description: GL Account details for Chair. Refer SAP master data for valuation class and account determination.: Here is the code: 20-77,do you mean 2002777: Description: do you mean 2002777: Description: GL Account details for Chair. Refer SAP master data for valuation class and account determination.: Here is the code: 20-77,,,,,,
2002778,Desk,do you mean 2002778: Description: GL Account details for Desk. Refer SAP master data for valuation class and account determination.: Here is the code: 20-78,do you mean 2002778: Description: do you mean 2002778: Description: GL Account details for Desk. Refer SAP master data for valuation class and account determination.: Here is the code: 20-78,,,,,,
2002779,Keyboard,do you mean 2002779: Description: GL Account details for Keyboard. Refer SAP master data for valuation class and account determination.: Here is the code: 20-79,do you mean 2002779: Description: do you mean 2002779: Description: GL Account details for Keyboard. Refer SAP master data for valuation class and account determination.: Here is the code: 20-79,,,,,,
2002780,Marker,do you mean 2002780: Description: GL Account details for Marker. Refer SAP master data for valuation class and account determination.: Here is the code: 20-80,do you mean 2002780: Description: do you mean 2002780: Description: GL Account details for Marker. Refer SAP master data for valuation class and account determination.: Here is the code: 20-80,,,,,,
2002781,USB Drive,do you mean 2002781: Description: GL Account details for USB Drive. Refer SAP master data for valuation class and account determination.: Here is the code: 20-81,do you mean 2002781: Description: do you mean 2002781: Description: GL Account details for USB Drive. Refer SAP master data for valuation class and account determination.: Here is the code: 20-81,,,,,,
2002782,Server,do you mean 2002782: Description: GL Account details for Server. Refer SAP master data for valuation class and account determination.: Here is the code: 20-82,do you mean 2002782: Description: do you mean 2002782: Description: GL Account details for Server. Refer SAP master data for valuation class and account determination.: Here is the code: 20-82,,,,,,
2002783,Desk,do you mean 2002783: Description: GL Account details for Desk. Refer SAP master data for valuation class and account determination.: Here is the code: 20-83,do you mean 2002783: Description: do you mean 2002783: Description: GL Account details for Desk. Refer SAP master data for valuation class and account determination.: Here is the code: 20-83,,,,,,
2002784,Mouse,do you mean 2002784: Description: GL Account details for Mouse. Refer SAP master data for valuation class and account determination.: Here is the code: 20-84,do you mean 2002784: Description: do you mean 2002784: Description: GL Account details for Mouse. Refer SAP master data for valuation class and account determination.: Here is the code: 20-84,,,,,,
2002785,Marker,do you mean 2002785: Description: GL Account details for Marker. Refer SAP master data for valuation class and account determination.: Here is the code: 20-85,do you mean 2002785: Description: do you mean 2002785: Description: GL Account details for Marker. Refer SAP master data for valuation class and account determination.: Here is the code: 20-85,,,,,,
2002786,Mouse,do you mean 2002786: Description: GL Account details for Mouse. Refer SAP master data for valuation class and account determination.: Here is the code: 20-86,do you mean 2002786: Description: do you mean 2002786: Description: GL Account details for Mouse. Refer SAP master data for valuation class and account determination.: Here is the code: 20-86,,,,,,
2002787,Chair,do you mean 2002787: Description: GL Account details for Chair. Refer SAP master data for valuation class and account determination.: Here is the code: 20-87,do you mean 2002787: Description: do you mean 2002787: Description: GL Account details for Chair. Refer SAP master data for valuation class and account determination.: Here is the code: 20-87,,,,,,
2002788,Desk,do you mean 2002788: Description: GL Account details for Desk. Refer SAP master data for valuation class and account determination.: Here is the code: 20-88,do you mean 2002788: Description: do you mean 2002788: Description: GL Account details for Desk. Refer SAP master data for valuation class and account determination.: Here is the code: 20-88,,,,,,
2002789,Marker,do you mean 2002789: Description: GL Account details for Marker. Refer SAP master data for valuation class and account determination.: Here is the code: 20-89,do you mean 2002789: Description: do you mean 2002789: Description: GL Account details for Marker. Refer SAP master data for valuation class and account determination.: Here is the code: 20-89,,,,,,
2002790,Adapter,do you mean 2002790: Description: GL Account details for Adapter. Refer SAP master data for valuation class and account determination.: Here is the code: 20-90,do you mean 2002790: Description: do you mean 2002790: Description: GL Account details for Adapter. Refer SAP master data for valuation class and account determination.: Here is the code: 20-90,,,,,,
2002791,USB Drive,do you mean 2002791: Description: GL Account details for USB Drive. Refer SAP master data for valuation class and account determination.: Here is the code: 20-91,do you mean 2002791: Description: do you mean 2002791: Description: GL Account details for USB Drive. Refer SAP master data for valuation class and account determination.: Here is the code: 20-91,,,,,,
2002792,Marker,do you mean 2002792: Description: GL Account details for Marker. Refer SAP master data for valuation class and account determination.: Here is the code: 20-92,do you mean 2002792: Description: do you mean 2002792: Description: GL Account details for Marker. Refer SAP master data for valuation class and account determination.: Here is the code: 20-92,,,,,,
2002793,USB Drive,do you mean 2002793: Description: GL Account details for USB Drive. Refer SAP master data for valuation class and account determination.: Here is the code: 20-93,do you mean 2002793: Description: do you mean 2002793: Description: GL Account details for USB Drive. Refer SAP master data for valuation class and account determination.: Here is the code: 20-93,,,,,,
2002794,Printer,do you mean 2002794: Description: GL Account details for Printer. Refer SAP master data for valuation class and account determination.: Here is the code: 20-94,do you mean 2002794: Description: do you mean 2002794: Description: GL Account details for Printer. Refer SAP master data for valuation class and account determination.: Here is the code: 20-94,,,,,,
2002795,Desk,do you mean 2002795: Description: GL Account details for Desk. Refer SAP master data for valuation class and account determination.: Here is the code: 20-95,do you mean 2002795: Description: do you mean 2002795: Description: GL Account details for Desk. Refer SAP master data for valuation class and account determination.: Here is the code: 20-95,,,,,,
2002796,Printer,do you mean 2002796: Description: GL Account details for Printer. Refer SAP master data for valuation class and account determination.: Here is the code: 20-96,do you mean 2002796: Description: do you mean 2002796: Description: GL Account details for Printer. Refer SAP master data for valuation class and account determination.: Here is the code: 20-96,,,,,,
2002797,Server,do you mean 2002797: Description: GL Account details for Server. Refer SAP master data for valuation class and account determination.: Here is the code: 20-97,do you mean 2002797: Description: do you mean 2002797: Description: GL Account details for Server. Refer SAP master data for valuation class and account determination.: Here is the code: 20-97,,,,,,
2002798,Scanner,do you mean 2002798: Description: GL Account details for Scanner. Refer SAP master data for valuation class and account determination.: Here is the code: 20-98,do you mean 2002798: Description: do you mean 2002798: Description: GL Account details for Scanner. Refer SAP master data for valuation class and account determination.: Here is the code: 20-98,,,,,,
2002799,Desk,do you mean 2002799: Description: GL Account details for Desk. Refer SAP master data for valuation class and account determination.: Here is the code: 20-99,do you mean 2002799: Description: do you mean 2002799: Description: GL Account details for Desk. Refer SAP master data for valuation class and account determination.: Here is the code: 20-99,,,,,,
2002800,Headset,do you mean 2002800: Description: GL Account details for Headset. Refer SAP master data for valuation class and account determination.: Here is the code: 20-00,do you mean 2002800: Description: do you mean 2002800: Description: GL Account details for Headset. Refer SAP master data for valuation class and account determination.: Here is the code: 20-00,,,,,,
2002801,Desk,do you mean 2002801: Description: GL Account details for Desk. Refer SAP master data for valuation class and account determination.: Here is the code: 20-01,do you mean 2002801: Description: do you mean 2002801: Description: GL Account details for Desk. Refer SAP master data for valuation class and account determination.: Here is the code: 20-01,,,,,,
2002802,Desk,do you mean 2002802: Description: GL Account details for Desk. Refer SAP master data for valuation class and account determination.: Here is the code: 20-02,do you mean 2002802: Description: do you mean 2002802: Description: GL Account details for Desk. Refer SAP master data for valuation class and account determination.: Here is the code: 20-02,,,,,,
2002803,Adapter,do you mean 2002803: Description: GL Account details for Adapter. Refer SAP master data for valuation class and account determination.: Here is the code: 20-03,do you mean 2002803: Description: do you mean 2002803: Description: GL Account details for Adapter. Refer SAP master data for valuation class and account determination.: Here is the code: 20-03,,,,,,
2002804,Adapter,do you mean 2002804: Description: GL Account details for Adapter. Refer SAP master data for valuation class and account determination.: Here is the code: 20-04,do you mean 2002804: Description: do you mean 2002804: Description: GL Account details for Adapter. Refer SAP master data for valuation class and account determination.: Here is the code: 20-04,,,,,,
2002805,Keyboard,do you mean 2002805: Description: GL Account details for Keyboard. Refer SAP master data for valuation class and account determination.: Here is the code: 20-05,do you mean 2002805: Description: do you mean 2002805: Description: GL Account details for Keyboard. Refer SAP master data for valuation class and account determination.: Here is the code: 20-05,,,,,,
2002806,Adapter,do you mean 2002806: Description: GL Account details for Adapter. Refer SAP master data for valuation class and account determination.: Here is the code: 20-06,do you mean 2002806: Description: do you mean 2002806: Description: GL Account details for Adapter. Refer SAP master data for valuation class and account determination.: Here is the code: 20-06,,,,,,
2002807,Keyboard,do you mean 2002807: Description: GL Account details for Keyboard. Refer SAP master data for valuation class and account determination.: Here is the code: 20-07,do you mean 2002807: Description: do you mean 2002807: Description: GL Account details for Keyboard. Refer SAP master data for valuation class and account determination.: Here is the code: 20-07,,,,,,
2002808,USB Drive,do you mean 2002808: Description: GL Account details for USB Drive. Refer SAP master data for valuation class and account determination.: Here is the code: 20-08,do you mean 2002808: Description: do you mean 2002808: Description: GL Account details for USB Drive. Refer SAP master data for valuation class and account determination.: Here is the code: 20-08,,,,,,
2002809,Printer,do you mean 2002809: Description: GL Account details for Printer. Refer SAP master data for valuation class and account determination.: Here is the code: 20-09,do you mean 2002809: Description: do you mean 2002809: Description: GL Account details for Printer. Refer SAP master data for valuation class and account determination.: Here is the code: 20-09,,,,,,
2002810,Headset,do you mean 2002810: Description: GL Account details for Headset. Refer SAP master data for valuation class and account determination.: Here is the code: 20-10,do you mean 2002810: Description: do you mean 2002810: Description: GL Account details for Headset. Refer SAP master data for valuation class and account determination.: Here is the code: 20-10,,,,,,
2002811,Adapter,do you mean 2002811: Description: GL Account details for Adapter. Refer SAP master data for valuation class and account determination.: Here is the code: 20-11,do you mean 2002811: Description: do you mean 2002811: Description: GL Account details for Adapter. Refer SAP master data for valuation class and account determination.: Here is the code: 20-11,,,,,,
2002812,Desk,do you mean 2002812: Description: GL Account details for Desk. Refer SAP master data for valuation class and account determination.: Here is the code: 20-12,do you mean 2002812: Description: do you mean 2002812: Description: GL Account details for Desk. Refer SAP master data for valuation class and account determination.: Here is the code: 20-12,,,,,,
2002813,Mouse,do you mean 2002813: Description: GL Account details for Mouse. Refer SAP master data for valuation class and account determination.: Here is the code: 20-13,do you mean 2002813: Description: do you mean 2002813: Description: GL Account details for Mouse. Refer SAP master data for valuation class and account determination.: Here is the code: 20-13,,,,,,
2002814,Adapter,do you mean 2002814: Description: GL Account details for Adapter. Refer SAP master data for valuation class and account determination.: Here is the code: 20-14,do you mean 2002814: Description: do you mean 2002814: Description: GL Account details for Adapter. Refer SAP master data for valuation class and account determination.: Here is the code: 20-14,,,,,,
2002815,Printer,do you mean 2002815: Description: GL Account details for Printer. Refer SAP master data for valuation class and account determination.: Here is the code: 20-15,do you mean 2002815: Description: do you mean 2002815: Description: GL Account details for Printer. Refer SAP master data for valuation class and account determination.: Here is the code: 20-15,,,,,,
2002816,Cable,do you mean 2002816: Description: GL Account details for Cable. Refer SAP master data for valuation class and account determination.: Here is the code: 20-16,do you mean 2002816: Description: do you mean 2002816: Description: GL Account details for Cable. Refer SAP master data for valuation class and account determination.: Here is the code: 20-16,,,,,,
2002817,Server,do you mean 2002817: Description: GL Account details for Server. Refer SAP master data for valuation class and account determination.: Here is the code: 20-17,do you mean 2002817: Description: do you mean 2002817: Description: GL Account details for Server. Refer SAP master data for valuation class and account determination.: Here is the code: 20-17,,,,,,
2002818,Keyboard,do you mean 2002818: Description: GL Account details for Keyboard. Refer SAP master data for valuation class and account determination.: Here is the code: 20-18,do you mean 2002818: Description: do you mean 2002818: Description: GL Account details for Keyboard. Refer SAP master data for valuation class and account determination.: Here is the code: 20-18,,,,,,
2002819,Keyboard,do you mean 2002819: Description: GL Account details for Keyboard. Refer SAP master data for valuation class and account determination.: Here is the code: 20-19,do you mean 2002819: Description: do you mean 2002819: Description: GL Account details for Keyboard. Refer SAP master data for valuation class and account determination.: Here is the code: 20-19,,,,,,